Guten Morgen Herr Müller wie geht es Ihnen?|84.25
Guten Morgen Frau Schneider. Danke gut! Und Ihnen?|78.4
Guten Morgen Herr Müller wie geht es Ihnen?|84.25
Guten Morgen Frau Schneider. Danke gut! Und Ihnen?|78.4
Guten Tag Frau Kamp.|99.95
Guten Tag! Wie geht es Ihnen?|97.95
Sehr gut danke. Und Ihnen?|93.1
Hey Lena! Na wie geht's?|104.8
Hallo Opa!|90.25
Hallo Sarah. Wie geht's dir?|93.1
Hi Tom! Super danke. Und dir?|97.95
Oh schön!|119.5
Hm?|120.5
Die Tasche ist schön!|99.95
Entschuldigung? Schön?|31.75
Ja die Tasche!|100.95
Emma komm jetzt! Entschuldigung!|59.0
Adalbert-Stifter-Straße …|-26.76
Hallo!|62.0
Mist!|120.5
Ja ich bin gut angekommen …|86.25
Du kannst mir die Unterlagen für das Meeting im Hotel hinterlegen.|69.55
Cool! Noch mal!|118.5
Ins Zentrum bitte. Zum Königshof.|69.7
Ins Zentrum zum Königshof.|70.7
Ins Restaurant Königshof oder zum Hotel Königshof?|56.0
Hotel Königshof.|31.75
Okay kein Problem.|100.95
Hey Stopp!|119.5
Tschüss Martina. Gute Reise!|59.0
Mach’s gut Herbert. Bis bald!|104.8
Tschüss!|120.5
Auf Wiedersehen Herr Tillmanns. Gute Reise!|57.0
Danke schön! Auf Wiedersehen Frau Scholl.|74.55
Alles okay?|90.25
Brauchst du Hilfe?|100.95
Hilfe help? Do you need help?|103.8
Ja! Hilfe!|90.25
Wo ist die Tasche?|99.95
Die Tasche ist … äh… gone … in the ... Taxi!|88.1
Die Tasche ist weg in dem Taxi?|96.95
Wohin willst du?|100.95
Wohin? Willst du ins Zentrum?|93.1
Zentrum ja!|90.25
Yara.|62.0
Wer ist Yara?|100.95
Meine ... aunt?|61.0
Deine Tante?|61.0
Nicht schlecht!|119.5
Du willst zu deiner Tante? Zu Yara?|91.1
Hast du die Adresse?|99.95
Adresse: Straße Hausnummer?|42.45
Andel … Adelschiffstraße?|1.5
Die kenne ich nicht …|104.8
Komm wir helfen dir!|99.95
Yippie!|62.0
Emma!|62.0
Mein Name ist Emma!|88.25
Und das ist meine Tante.|93.1
Deine Mama?|61.0
Nein Lisa ist nicht meine Mama. Sie ist meine Tante.|87.25
Meine Mama fliegt nach Amerika. Sie arbeitet da.|70.7
Bitte!|62.0
Danke.|62.0
Nico.|62.0
Mein Name ist Nico.|88.25
Hallo Nico.|61.0
Hallo Emma.|61.0
Ich heiße Nico.|77.55
Hallo Nico.|61.0
Hallo.|62.0
Also: Hallo wie heißt du?|93.1
Hallo ich heiße Nico.|70.7
Und wie heißt du?|117.5
Ich heiße Lisa.|77.55
Nein du heißt Nico.|99.95
Das ist Emma. Emma spinnt gerade.|77.55
Ich … heiße …|99.95
Ey!|120.5
Emma!|62.0
Aber jetzt ist das „N“ weg!|115.5
Das war Nico!|100.95
Ich?|120.5
Moment bitte. Ich muss noch kurz tanken.|91.1
Taxi! Stopp!|90.25
Nico! Stopp!|90.25
Sag mal spinnst du?|117.5
Was ist denn?|118.5
Die Tasche! Oh oh …|104.8
Die Tasche? Welche Tasche? Warte Emma!|68.7
Die … Die Tasche in there!|97.95
Da ist keine Tasche.|88.25
Hallo ich bin Lisa Brunner Das ist Nico.|84.25
Nico sucht seine Tasche.|70.7
Und?|120.5
Ist Nicos Tasche in Ihrem Taxi?|74.55
Nicos Tasche? Nein. Die Tasche ist nicht im Taxi.|89.1
Nein. …|119.5
Wo?|120.5
Keine Ahnung wo deine Tasche ist. Hier ist die Tasche nicht.|86.75
Komm wir suchen die Tasche!|93.1
Suchen. Komm Nico!|77.55
Hallo Lisa!|61.0
Hallo Max wie geht es dir?|103.8
Super. Und dir?|100.95
Auch gut danke.|100.95
Hi Emma.|90.25
Hallo Max.|90.25
Und du? Wer bist du?|116.5
Ich bin Nico.|100.95
Hallo Nico.|61.0
Du kommst nicht aus Deutschland oder?|97.95
Entschuldigung?|-55.01
Ehm … Woher kommst du?|104.8
Ich bin Max und ich komme aus Deutschland.|90.1
Und ich bin Emma und ich komme auch aus Deutschland.|88.1
Ich bin Nico.|100.95
Ich komme aus ehm ... Spain?|93.1
Spanien?|3.5
Spanien ja!|61.0
Ich komme aus Spanien.|70.7
Und woher kommst du genau?|93.1
Woher?|62.0
Wo wohnst du in Spanien?|93.1
Wohnst du in Barcelona oder in Madrid?|73.55
Sevilla!|3.5
Du wohnst in Sevilla?|88.25
Ich wohne in Sevilla.|70.7
Nico war auch am Flughafen.|81.4
Er hat ein Problem: Seine Tasche ist weg.|90.1
Oh. Und was machst du jetzt?|115.5
Ich suche meine Tante.|70.7
Nicos Tante wohnt hier in Deutschland. Aber er hat die Adresse nicht.|92.1
Kannst du deine Tante anrufen?|69.7
Meine Tasche ist weg. Mein Telefon ist weg. Und die Nummer ist weg.|93.8
Und deine Familie? Kannst du deine Familie anrufen?|59.0
Nein.|120.5
Kann dein Vater nicht helfen? Er ist doch bei der Polizei.|92.6
Gute Idee!|90.25
Vater?|62.0
Mein Vater ist Polizist.|70.7
Police. Vielleicht hilft er uns. Moment!|74.55
Polizeirevier Ost Brunner hier.|41.45
Ah hallo Lisa. Wie geht’s dir?|100.95
Was ist los? Geht es Emma nicht gut?|111.65
Eh doch keine Sorge! Emma geht es gut. Aber Nico hat ein Problem.|93.8
Er war auch am Flughafen. Er kommt aus Spanien.|93.6
Ja genau. Er kommt aus Spanien und er hat ein Problem.|87.1
Seine Tasche ist weg und er spricht nicht gut Deutsch.|99.8
Hat er Papiere? Einen Ausweis oder einen Pass?|94.1
Hast du einen Pass? Passport?|104.8
Nein. Nicos Pass ist in seiner Tasche.|91.1
Aber er hat ein Foto von seiner Tante.|90.1
Sie wohnt auch hier in Deutschland aber Nico hat die Adresse nicht.|91.95
Meine Tante … she has a bicycle shop.|84.25
Seine Tante hat ein Geschäft ein Fahrradgeschäft.|61.85
Wir suchen also eine Adresse.|69.7
Die Frau hat ein Fahrradgeschäft. Richtig?|74.55
Okay. Dann komm doch mit Nico zur Polizei.|90.1
Danke Papa!|61.0
Gerne. Bis später.|77.55
Bis später!|90.25
Vielleicht kann mein Vater uns helfen.|86.25
Er hilft. He helps.|99.95
Super! Danke!|61.0
Mach’s gut Lisa. Ciao Emma. Tschüss Max!|96.95
Ciao Nico. Viel Erfolg!|88.25
Wie ist die Hausnummer Emma? 38 oder 83?|90.1
Moment …11.|90.25
Ah ja. Dann sind wir richtig hier.|108.65
Da.|120.5
Wie viele Zahlen sind das?|93.1
Wie viele?|90.25
Das sind 31 Zahlen.|99.95
31 …|119.5
Eins zwei drei vier fünf …|115.5
-Eins zwei drei vier fünf.|116.5
Sechs sieben acht neun zehn elf zwölf.|108.65
Sechs sieben acht neun zehn elf zwölf.|108.65
Was ist das?|118.5
Eine Einladung zum Geburtstag von Charlotte.|39.45
Geburtstag?|3.5
Happy birthday to you …|81.4
Ah Geburtstag!|61.0
Ja und das hier ist ein Geschenk.|108.65
Tschüss Nico! Bis morgen!|88.25
Tschüss Emma!|90.25
Lisa! Hallo! Und Emma!|70.7
Hallo!|62.0
Emma?!|62.0
Lotte! Tschüss Lisa.|77.55
Tschüss meine Süße. Hab viel Spaß ja!|100.45
Herzlichen Glückwunsch Lotte!|19.05
Wie alt ist Lotte jetzt?|104.8
Sie ist acht.|118.5
Ah Emma ist auch acht Jahre alt.|96.95
Ich hab hier Emmas Schlafsack und ihre Isomatte.|78.4
Super danke! Wo hast du deine Traumfrau kennengelernt?|60.85
Im Fundbüro.|61.0
Im Fundbüro? Hat sie jemand abgegeben?|57.0
Nein auf gar keinen Fall. Nein sie arbeitet da.|99.45
Ich habe meine Tasche verloren und ein Mann hat sie abgegeben.|69.55
Dieser Mann war unser Amor.|93.1
Und den Finder der Tasche willst du suchen?|90.1
Tasche verloren?|31.75
Ganz genau.|90.25
Er hat mein Leben verändert und ich würde mich gerne bedanken.|75.4
Also wenn du das hörst edler Finder|91.1
dann greif zum Telefon und ruf an.|96.95
Die Telefonnummer ist 08007773344.|59.0
7773344 … 7773344. Tasche verloren.|81.4
Wir machen kurz Werbung und dann wollen wir wissen wen ihr sucht!|91.95
Ruft an!|119.5
So hier ist noch meine Handynummer.|74.55
Ist das eine Zwei oder eine Sieben?|91.1
Ehh das ist eine Sieben …|97.95
0173 90 76 34 29 58.|115.5
0173 90 76 34 29 58.|115.5
Hallo wer ist da?|99.95
Hallo? Ja hallo! Wie heißt du?|97.95
Nico wie geht’s?|100.95
Danke danke mir geht’s gut. Oh mein Gott …|105.3
Wie geht’s dir?|118.5
Hmm. Nicht so gut.|117.5
Nicht so gut? Warum nicht so gut?|112.15
Meine Tasche. Meine Tasche ... Tasche verloren ...|27.75
Oh okay Moment ...|77.55
Du hast deine Tasche verloren?|69.7
Wie ist das passiert?|99.95
Hallo?|62.0
Oh hallo ... Wer bist du denn?|97.95
Eh Entschuldigung. Ich bin nicht Nico. Mein Name ist Lisa.|81.4
Nico spricht nicht so gut Deutsch.|103.8
Er sucht seine Tasche.|88.25
Seine Tasche ist schwarz und ...|69.7
Eh. Sie hat einen Aufnäher mit einem Fahrrad.|84.25
Okay.|120.5
Nicos Pass ist in der Tasche.|97.95
Also wenn ihr die Tasche findet dann gebt sie bitte bei der Polizeistelle Ost ab.|77.25
Die ist in der Schreinerstraße 144.|86.25
Scheinerstrasse 144?|31.75
Nein Schreinerstraße mit „R“|70.7
S-C-H-R-E-I-N-E-R.|62.0
Und die Hausnummer ist die 144.|97.95
Danke euch! Viel Glück!|99.95
Was soll das denn?|117.5
Entschuldigung ...|-113.51
Hallo Papa!|61.0
Ah! Hallo Lisa!|77.55
Guten Tag Jürgen Brunner mein Name.|74.55
Sie sind Nico?|100.95
Ja. Ich heiße Nicolás González.|93.1
Herr González freut mich sehr. Setzen Sie sich doch bitte|104.8
Wie kann ich Ihnen helfen?|93.1
Wie ist Ihr Geburtsdatum?|70.7
Ich meine: Wann haben Sie Geburtstag?|74.55
Geburtstag?|3.5
Geburtstag.|3.5
Adresse?|62.0
Wir nehmen meine Adresse.|70.7
Ich wohne in der Wagnergasse 136.|74.55
Ihre Passnummer!|31.75
Passnummer.|3.5
Mein Pass ist weg.|117.5
Oh das ist nicht gut.|116.5
Das ist Yara.|100.95
Und wer ist Yara?|99.95
My aunt.|119.5
Seine Tante!|61.0
Yara ist Ihre Tante.|70.7
Ja meine Tante.|77.55
Wo wohnt Yara? Haben Sie eine Adresse?|82.9
Ist Yara informiert dass Sie hier sind?|91.1
Does Yara know you are here? Is she waiting for you?|104.3
Seine Tante weiß nicht warum er hier ist?|90.1
Nein.|120.5
Warum ist er denn hier in Deutschland?|91.1
Ich weiß es nicht. Aber ich werde es rausfinden.|99.45
Ich helfe Nico.|77.55
Danke Papa.|61.0
Gerne.|62.0
Wir telefonieren! Hab viel Spaß heute Abend bei der Party.|76.4
Komm! Party?|90.25
Hi.|120.5
Hi.|120.5
Hi Lisa! Wer ist denn das?|103.8
Das ist Nico.|100.95
Hallo ich bin Nico.|88.25
Hallo Nico. Ich bin Sebastian. Was machst du hier?|81.9
Ich habe ein Problem:|88.25
Meine Tasche ist weg und mein Handy und mein Pass sind auch weg.|96.8
Und Yaras Adresse ist auch weg.|97.95
Okay das ist nicht so gut. Und woher kommst du?|110.65
Ich komme aus Spanien. Ich wohne in Sevilla.|70.7
Schön. Und wer ist Yara?|104.8
Yara ist Nicos Tante. Er hat gesagt sie hat hier|93.1
einen Fahrradladen. Aber er hat die Adresse nicht.|84.25
Auch nicht so gut. Und wie alt bist du?|117.0
Ich bin 22 Jahre alt. Und du? Kommst du aus Deutschland?|98.45
Ich bin 25 Jahre. Und ja ich komme aus Deutschland.|93.1
Und ich heiße Nina. Ich komme auch aus Deutschland|81.9
und bin 23 Jahre alt. Hi!|103.8
Kann Nico zwei Tage hier wohnen?|86.25
Klar. Kein Problem!|100.95
Willkommen in der Wagnergasse!|41.45
Dankeschön! Herzlich willkommen!|1.5
Und es gibt eine Party?|93.1
Ja aber wir haben ein kleines Problem.|91.1
Die Lampe ist kaputt.|88.25
Kann ich?|119.5
Klar. Hat am Flughafen alles geklappt? Geht es Emma gut?|87.25
Ja. Emmas Mutter sitzt im Flugzeug und Emma geht es gut die ist bei Lotte.|88.95
Ey wow! Die Lampe funktioniert wieder.|74.55
Super Nico! Danke! Möchtest du etwas trinken?|61.85
Trinken?|62.0
Ja trinken ein Getränk!|88.25
Oder zwei.|119.5
Oder drei.|119.5
Das ist Yara.|100.95
Ja sie ist hübsch.|117.5
Sie lebt in Deutschland.|88.25
Wohnt sie hier in der Stadt?|115.5
Aber wo ist das? Kennt ihr Yaras Fahrradladen?|88.25
Eh eh.|119.5
So. Was möchtet ihr trinken?|93.1
Was gibt es denn?|117.5
Wir haben … Apfelsaft Wasser Bier Wein Cola und Limonade.|64.7
Also ich nehm ein Bier.|104.8
Wir haben auch Kaffee und Tee im Angebot …|89.1
Bier danke.|90.25
Für mich bitte einen Kaffee.|93.1
Mit Milch und Zucker?|99.95
Ja mit viel Milch aber wenig Zucker. Ah warte ich mache das.|97.95
Was ist mit dir Nico? Hast du auch Durst? Was möchtest du trinken?|105.5
Cola bitte.|61.0
Alles klar. Dann nehme ich Limonade.|68.7
Also Freunde ich habe ‘ne Idee! Wir …|90.1
wir posten das Foto von Yara bei Book|90.1
und fragen: Wer kennt diesen Fahrradladen?|68.7
Und so finden wir die Adresse raus.|96.95
Ja vielleicht.|90.25
Habt ihr Hunger?|100.95
Hunger? Hungry?|61.0
Ja!|120.5
Hier sind die Speisekarten!|70.7
So also dann prost!|99.95
Prost!|120.5
Prost!|120.5
Wo ist denn Nawin? Ist er nicht hier?|111.65
Hey Nawin. Möchtest du etwas essen?|74.55
Was gibt es denn?|117.5
Sushi Pizza Salat.|60.0
Okay.|120.5
Nico was möchtest du essen?|81.4
Ich möchte eine Pizza bitte.|69.7
Hier das ist die Speisekarte von unserem Lieblingsitaliener.|37.45
Danke.|62.0
Nico|62.0
das ist Nawin. Nawin Nico.|81.4
Hallo! Ich bin Nico.|88.25
Nico? Bist du der Nico aus dem Radio?|90.1
Ja Nico war im Radio.|93.1
Du suchst deine Tasche!|88.25
Ja.|120.5
Leute die Speisekarte. Was nehmt ihr?|77.55
Ich möchte eine Pizza mit Thunfisch.|74.55
Sehr gut. Ich nehme auch eine Pizza mit Salami.|77.4
Und Nico möchtest du eine Pizza mit Thunfisch|78.4
eine mit Salami oder eine mit Tomate Mozzarella?|49.15
Ich nehme eine Pizza mit Salami bitte.|61.85
Gut. Und ich nehm' wie immer meine Pizza Hawaii ohne Schinken.|81.25
Pizza Hawaii?|61.0
Das ist eine Pizza mit Ananas und Schinken.|84.25
Nina liebt Ananas sie ist aber Vegetarierin|56.0
und deshalb nimmt sie die Pizza jedes Mal ohne Schinken.|82.25
So und ich bestelle.|88.25
Wo ist mein Handy?|99.95
Danke!|62.0
Ach eine Nachricht auf Book!|93.1
Das Foto?|90.25
Hallo.|62.0
Guten Tag Ihre Bestellung. Zahlen Sie zusammen oder getrennt?|64.35
Zusammen. Was kostet das?|70.7
Gut Moment. Die drei Pizzen mit Salami sind 2250 Euro.|82.25
Dann haben wir eine Pizza Thunfisch eine Pizza Hawaii ohne Schinken 18 Euro.|61.7
Das macht zusammen … 4050 Euro. Zahlen Sie bar oder mit Karte?|92.1
Ähm ich zahle bar. Hier sind 45 Euro. Das stimmt so.|106.1
Danke! Hier ist die Rechnung. Tschüss.|97.95
Danke.|62.0
So … Wer bekommt die Hawaii ohne Schinken?|84.25
Ich!|120.5
Tonno?|62.0
Ja!|120.5
Salami?|3.5
Salami ich!|61.0
Salami! Und noch eine Salami.|58.0
Wie viel kostet die Pizza?|93.1
Zehn Euro plus Trinkgeld. Und du bist eingeladen!|82.4
Danke schön!|90.25
Das ist vielleicht die letzte Pizza die ich hier essen werde.|81.25
Stimmt.|120.5
Nawin geht weg.|100.95
Das ist eine Bye-bye-Party?|29.75
Eine Abschiedsparty.|-26.76
Abschiedsparty.|-113.51
Guten Appetit jetzt!|60.0
Hey! Schön dass ihr da seid!|115.5
Hallo Nawin schön dich zu sehen! Vielen Dank für die Einladung!|86.75
Cool danke schön!|100.95
Prost!|120.5
Prost!|120.5
Was ist das?|118.5
Das? Das ist eine Sehenswürdigkeit in Köln: der Kölner Dom.|76.4
Warst du schon mal in Köln? Kennst du die Stadt?|116.5
Nein.|120.5
Warst du noch nie in Deutschland? Oder in Österreich oder in der Schweiz?|97.45
Jetzt habe ich Geschenke aus Köln Hamburg Düsseldorf Heidelberg und Berlin.|63.7
Und welche Städte kennst du schon?|97.95
Ich war schon mal in Hamburg und in Köln. In Heidelberg war ich noch nie.|102.3
Nächste Woche fahre ich nach München!|74.55
Was ist das?|118.5
Das ist das Brandenburger Tor. Eine Sehenswürdigkeit in Berlin.|58.5
Kennst du Berlin?|100.95
Nein. Aber Nina war schon mal in Berlin. Und Sebastian.|82.25
Ihr wart schon mal in Berlin oder?|108.65
Wir beide waren schon mal in Berlin ja. Wir waren sogar am Brandenburger Tor.|79.4
Nico?|62.0
Hm …|119.5
Alles gut?|90.25
Kein Kommentar?|61.0
Komm! Wir spielen ein Spiel.|104.8
So.|120.5
Also es gibt vier Teams:|104.8
Team Osten Team Süden Team Westen und Team Norden.|89.1
Team Süden!|90.25
Süden?|62.0
Hier! Das ist Süden das ist Norden das ist Osten und das ist Westen.|89.95
Hi ich bin Nico.|99.95
Ich komme aus Spanien … aus Sevilla.|73.55
Spanien … das ist im Süden oder?|91.1
Im Süden von Europa.|59.0
Ja. Und Sevilla ist im Süden von Spanien.|78.4
Und du?|119.5
Ich bin Selma. Ich komme aus Syrien … aus Damaskus.|81.4
Damaskus das ist …|88.25
Damaskus ist auch im Süden. Im Süden von Syrien.|76.05
Komm jetzt! Wir gewinnen!|88.25
Gewinnen?|3.5
Nico spricht noch nicht so gut Deutsch.|108.65
Wir gewinnen!|61.0
Gewinnen.|3.5
Okay alle: Gewinnen!|60.0
Ja gut dann fangt ihr an.|115.5
Ja!|120.5
Wir waren gut!|100.95
Kommt gehen wir tanzen!|88.25
Mama?|62.0
Ja ich komme.|100.95
Entschuldigung.|-55.01
Tada!|62.0
Wow was ist das denn?|116.5
Spezialitäten aus verschiedenen Ländern.|-17.06
Ihr müsst die Fähnchen zuordnen.|81.4
Das ist ja einfach!|99.95
Also Köttbullar … isst man in Schweden! So.|84.25
Warst du schon mal in Schweden?|103.8
Nee aber ich fahre nächstes Jahr nach Norwegen!|84.25
Nimmst du mich mit?|117.5
Klar!|120.5
Nawin? Du gehst nach Frankreich.|93.1
In Frankreich isst man gern Käse.|97.95
Ja gar nicht so schlecht!|116.5
Und du Sebastian?|60.0
Hier gib her.|118.5
So.|120.5
Also Sushi isst man in Japan|86.25
und in Italien isst man Pizza!|86.25
Super!|62.0
Und Nico was isst man in Spanien?|91.1
In Spanien isst man Gazpacho!|69.7
Perfekt.|62.0
Und du wohnst in Frankreich?|104.8
Bald ja. Ich habe da einen Job.|108.65
Cool …|119.5
Na ja.|119.5
Ich mag Deutschland.|77.55
Ich auch.|119.5
War die Party gut?|99.95
Sehr gut! Die Party war super!|97.95
International oder?|-26.76
Marc kommt aus Frankreich Sascha aus Russland und Selma aus Syrien.|75.4
Selma … ist sie … refugee?|86.25
Ja sie ist ein Flüchtling.|104.8
Flüchtling.|62.0
Darf Selma in Deutschland bleiben?|69.7
Keine Ahnung. Sie hat noch keine Aufenthaltserlaubnis.|50.15
Sie spricht sehr gut Deutsch!|116.5
Stimmt. Sie macht einen Deutschkurs und lernt sehr schnell.|106.65
Und welche Sprachen sprichst du Nico?|86.25
Englisch … Naja ... ein bisschen.|69.7
Und Spanisch und ein bisschen Deutsch.|97.95
Ja ich spreche Spanisch ein bisschen Englisch und ein bisschen Deutsch.|81.25
Welche Sprachen sprichst du?|88.25
Ich spreche Deutsch Englisch und Italienisch aber sehr schlecht.|89.1
Woher kommst du? Welche Sprachen sprichst du?|94.6
Ich komme aus Thailand.|88.25
Ich spreche Thai Chinesisch Englisch Deutsch Französisch und Italienisch.|59.85
Wow.|120.5
Freunde!|62.0
So kommt mal schnell her!|116.5
Das Foto von deiner Tante Yara. Es gibt eine Antwort und eine Adresse.|79.9
Wo ist meine Brille?|88.25
Was suchst du?|118.5
Meine Brille.|61.0
Und wo sind die Stifte und das Buch?|107.65
Sie sucht die Brille die Stifte und das Buch.|100.8
Ich muss zum Unterricht!|88.25
Lisa gibt Deutschkurse in einer Sprachschule.|57.0
Lisa ist Lehrerin. Sie unterrichtet Deutsch.|60.0
Du bist eine Lehrerin?|70.7
Aha …|119.5
Die Stifte …|100.95
die Brille und …|99.95
Und wie heißt das hier auf Deutsch?|114.5
Das Buch … Danke Nico!|93.1
Emma wartet auch schon!|88.25
Kein Problem Lisa. Ich hol' Emma.|89.25
Echt? Danke du bist echt die Beste!|96.95
Und nach dem Unterricht fahren wir zu Yara okay?|89.1
Yara. August-Straußberg-Gasse 23.|1.5
Ja. Ja genau.|100.95
Lisa!|62.0
Mhm …|119.5
Der Schlüssel!|90.25
Danke!|62.0
Also was ist das?|99.95
Das ist eine Tafel.|88.25
Sehr gut. Kannst du das bitte buchstabieren?|79.4
T-A-F-E-L|62.0
Super Rana.|61.0
Der Tafel.|90.25
Entschuldigung kannst du das noch mal wiederholen?|61.85
Das Tafel?|90.25
Die Tafel.|90.25
Nomen und Artikel gehören immer zusammen:|39.45
der Stuhl die Tafel das Buch.|103.8
Kennt ihr noch andere Nomen mit Artikeln??|73.55
Die Tasche!|90.25
Richtig. Die Tasche.|77.55
Das ist eine Tasche. Das ist auch eine Tasche.|93.6
Und das ist die Tasche von Jenny.|96.95
Die Tasche eine Tasche …|81.4
So. Und jetzt alle Post-its schreiben!|86.25
Das Wörterbuch hilft.|77.55
Auf Wiedersehen!|31.75
Auf Wiedersehen! Mach’s gut!|70.7
Ciao! Tschüss!|119.5
Bis bald! Tschüss!|118.5
Wiedersehen!|-55.01
Oh entschuldige!|31.75
Hallo hier Lisa Brunner.|70.7
Ah ja die Anzeige im Internet. Ja wir suchen immer noch.|86.75
Ja die Wohnung hat eine Terrasse.|74.55
Nein im Haus ist kein Aufzug.|103.8
Nein eine Garage haben wir nicht aber komm doch erst mal vorbei.|86.1
Einen Moment bitte.|77.55
Ein Stift …|118.5
Wo ist mein Stift? Hast du einen Stift?|117.5
Nein ich hab' keinen Stift.|104.8
Ah. Einen Zettel … Ich brauche einen Zettel.|90.1
Hier ein Zettel.|100.95
Danke! Okay … Also – halb vier.|96.95
Und dein Name ist Marvin Graupner.|74.55
Okay. Alles klar. Bis dann. Tschüss!|103.8
Das war ein Bewerber für Nawins Zimmer.|79.4
Bewerber?|3.5
Ja Nawin geht doch nach Frankreich.|97.95
Wir suchen also einen Mieter für Nawins Zimmer. Er kommt heute noch.|86.25
Aber jetzt gehen wir erst mal zu deiner Tante!|94.95
Die Tür.|119.5
Die Tür. Richtig!|100.95
Also … ich sehe was was du nicht siehst und das ist … groß und rot.|99.65
Das Auto.|90.25
Das Auto ist rot aber es ist nicht groß es ist klein.|103.65
Ähm … das Haus.|117.5
Ja richtig! Du bist dran.|104.8
Ich sehe was was du nicht siehst und das ist groß und klein.|102.65
Ich glaube nicht …|99.95
Ah … ich sehe was was du nicht siehst und das ist groß und gelb.|100.65
Das Haus.|119.5
Ja.|120.5
Das hier ist die August-Straußberg-Gasse 23.|68.7
Aber wo ist der Fahrradladen?|81.4
Hier ist kein Fahrradladen.|70.7
Ja aber wir sind richtig.|104.8
Ich sehe was was du nicht siehst … und das ist nicht da.|102.65
Die Adresse ist falsch. Es gibt hier wirklich keinen Fahrradladen.|81.4
Es tut mir leid Nico … Komm!|108.65
Nico …|90.25
Hmm?|120.5
Wir haben ein Problem.|88.25
Ein Problem?|90.25
Ja ein Problem.|100.95
Du kannst nur noch zwei Tage in der WG bleiben.|99.8
Dann musst du umziehen. Verstehst du?|86.25
Okay. Kein Problem.|100.95
Unsere Heizung ist kaputt.|59.0
Sebastian Nina Nawin und ich fahren dann in Urlaub.|65.7
Du bist nicht da?|117.5
Ich suche mir ein Hotel.|93.1
Nein. Das ist sehr teuer.|104.8
Eine Jugendherberge ist besser.|29.75
Jugendherberge?|-113.51
Ja. Eine Jugendherberge oder ein Hostel.|57.0
Jugendherbergen und Hostels sind nicht so teuer wie ein Hotel.|70.55
Viele junge Leute übernachten dort.|58.0
Und ich frage meine Freunde und Bekannten.|73.55
Vielleicht haben sie ein Zimmer frei.|86.25
Okay danke …|100.95
Du willst dir das Zimmer anschauen?|86.25
Ja. Ich suche eine neue WG.|97.95
Wir haben telefoniert. Ich bin Lisa Brunner.|65.35
Cool.|120.5
So äh das ist die Wohnung.|103.8
Hi Lisa.|90.25
Das ist …|118.5
Marvin hi.|61.0
Marvin möchte dein Zimmer sehen.|58.0
Ah hi! Ich bin Nawin. Freut mich.|108.65
Hi.|120.5
Schon okay …|118.5
Wo ist Emma?|100.95
Draußen mit Nina.|77.55
Okay.|120.5
Okay dann fangen wir an!|104.8
Äh das ist das Wohnzimmer.|93.1
Die Fenster sind groß und das Zimmer ist hell.|100.8
Cool.|120.5
Wie viele Zimmer hat die Wohnung?|86.25
Es gibt fünf Zimmer eine Küche und ein Bad.|94.95
Ja dann komm mal mit.|116.5
Los los los los komm!|116.5
Das Zimmer ist frei für dich.|103.8
Ganz schön groß.|118.5
Wie viele Quadratmeter hat das Zimmer denn?|73.55
Ich glaube es hat zehn Quadratmeter oder?|79.4
Äh das Zimmer hat elf Quadratmeter.|74.55
Ah.|120.5
Ja und es ist sehr ruhig. Keine Autos.|90.1
So das ist die Küche.|104.8
Die Küche ist sehr gemütlich. Hier sitzen wir oft.|93.6
Wie teuer ist das Zimmer?|93.1
Die Miete kostet mit Nebenkosten 400 Euro im Monat.|65.7
Okay.|120.5
Ich nehme das Zimmer!|88.25
Super … Äh ...|77.55
Es kommen noch andere Interessenten.|34.6
Aber wir rufen dich an.|104.8
Ja cool. Na dann! Tschüss!|116.5
Hi Mädels.|90.25
Äh. Du bist Wolfgang oder?|104.8
Ja aber alle sagen nur Wolf.|97.95
Hi Wolf.|119.5
Nice. Das ist das Wohnzimmer hm?|86.25
Ja genau.|90.25
Der Tisch der ist nicht schön.|115.5
Die Stühle sind alt und der Schrank ist viel zu groß.|104.65
Das Sofa das stellen wir da an die Wand.|100.8
Und in die Ecke kommt mein Schlagzeug. Die Drums.|106.65
Das ist doch super. Dann können wir zusammen jammen.|81.9
Und da in die Ecke …|115.5
Teppiche wir brauchen viele Teppiche. Lampen und Kissen. Zum Chillen.|63.85
Wir melden uns bei dir ja?|103.8
Ähm ja.|119.5
Wow.|120.5
Das ist mein Zimmer …|104.8
Vielleicht bald dein Zimmer?|88.25
Ist das auch deine? Oh.|104.8
Nein das ist meine.|99.95
Die habe ich schon gesucht. Danke Ulla!|79.4
Ist das mein Bad?|117.5
Äh … Nein wir haben nur ein Bad.|107.65
Hier duschen alle.|77.55
Alle?|62.0
Hier ist es nicht sehr sauber.|103.8
Wie oft putzt ihr denn?|116.5
Naja das kommt drauf an.|104.8
Ist es dreckig dann putzen wir.|97.95
Und wie sind die Nachbarn?|104.8
Die sind nicht zu laut oder?|115.5
Doch! Die sind super laut und nicht nett!|107.65
Na dann …|118.5
Na dann. Wir rufen dich an.|103.8
Okay.|120.5
Tschüss!|120.5
Was für eine Katastrophe!|41.45
Ich glaube wir finden nie einen Mieter für Nawins Zimmer!|82.25
Ah die Sprachschule …|88.25
Oh nein!|119.5
Was ist?|119.5
Meine Kollegin Manja ist krank. Ich mache morgen Manjas Unterricht.|63.85
Ist doch super.|100.95
Ja und was mache ich mit Emma?|96.95
Wann beginnt der Kurs?|99.95
Um neun.|119.5
Das geht nicht.|118.5
Wann arbeitest du morgen?|70.7
Ich arbeite morgen von acht bis zwölf.|91.1
Und nach dem Mittagessen hab ich Volleyballtraining|56.0
und das Training ist von zwei bis vier.|107.65
Und du Nawin? Wann hast du morgen Uni?|99.95
Ich bin von neun bis fünf in der Uni.|112.5
Also den ganzen Tag. Tut mir Leid.|100.45
Was macht Nina morgen?|88.25
Nina hat morgen um acht einen Termin beim Arzt.|94.95
Und danach ist sie von zehn bis drei in der Schule.|98.8
Hm …|119.5
Es gibt keine Lösung. Ich rufe Manja an. Wir sagen den Unterricht ab.|87.95
Nico ist doch da.|99.95
Wie bitte?|90.25
Nico passt du morgen auf Emma auf?|91.1
Emma?|62.0
Babysitting.|-55.01
Ja! Gerne!|90.25
Emma steht um halb sieben auf. Danach putzt sie Zähne.|93.1
Das ist wichtig Emma okay?|93.1
Ich putze immer meine Zähne!|69.7
Immer oder manchmal?|77.55
Fast immer.|90.25
Okay …|119.5
Äh zum Frühstück isst Emma normalerweise Müsli mit Milch.|59.85
Aber manchmal isst sie auch einen Apfel.|96.95
Und zum Mittagessen gibt es oft Gemüse.|73.55
Gemüse?|3.5
Ja Gemüse.|61.0
Tomaten Salat Brokkoli.|19.05
Mittagessen gibt es um zwölf.|81.4
Von zwei bis drei Uhr macht Emma normalerweise Hausaufgaben.|54.0
Und von vier bis halb fünf übt sie Flöte.|106.65
Ich kontrolliere das!|60.0
Ja ja …|118.5
Und du siehst nicht fern. Und nach dem Spielen räumst du auf.|109.65
Ich möchte hier kein Chaos haben!|86.25
Kein Problem.|90.25
Ich weiß.|119.5
Morgen ist ein super Tag!|93.1
Danke Nico!|61.0
Ich bin morgen gegen sechs zum Abendessen wieder zu Hause.|76.4
Hallo!|62.0
Hallo!|62.0
Hallo!|62.0
Was ist das denn?|117.5
Abendessen.|3.5
Das sehe ich.|100.95
Wie war dein Tag Tante Lisa?|97.95
Gut und wie war euer Tag?|103.8
Super.|62.0
Ich koche total gerne Gemüse.|58.0
Ja ich auch.|118.5
Du spielst sehr gut Flöte.|104.8
Meine Ferienwoche:|-26.76
Am Montag spiele ich mit Tante Lisa draußen Fußball.|71.55
Am Dienstag gehe ich zum Musikkurs.|74.55
Du gehst zum Musikkurs?|88.25
Ja manchmal …|100.95
Am Mittwoch wasche ich mit Opa das Auto.|90.1
Am Donnerstag räume ich mein Zimmer auf.|79.4
Das glaube ich nicht!|99.95
Am Freitag sehe ich fern.|93.1
Am Samstag stehe ich spät auf.|97.95
Am Sonntag …|100.95
Am Sonntag koche ich mit Nico Paella.|79.4
Au ja!|119.5
Bist du fertig?|100.95
Ja.|120.5
Cool!|120.5
Ich lese gleich noch ein Buch für die Schule und dann gehe ich ins Bett.|94.8
Ah.|120.5
Was machen wir am Wochenende Tante Lisa?|61.85
Wir schlafen doch erst lang aus.|103.8
Dann mache ich das Frühstück und dann gehen wir ins Kino.|87.1
Vielleicht.|62.0
Und dann mache ich noch meine Hausaufgaben …|78.4
Aufwachen aufwachen aufwachen!|1.5
„Emma frühstückt Müsli!“|60.0
Pf. Müsli!|90.25
Emma machst du jetzt bitte die Hausaufgaben?|73.55
Keine Lust. Es sind Ferien!|81.4
Sehen wir fern?|100.95
Nein.|120.5
Zuerst machen wir die Hausaufgaben dann räumen wir auf und dann sehen wir fern.|78.25
So ich hab' Lust auf Eis!|115.5
Oh mir ist schlecht!|117.5
Was ist das?|118.5
Unsere Öffnungszeiten?|-26.76
Wir haben von Dienstag bis Sonntag von neun bis 23 Uhr geöffnet.|86.1
Am Montag haben wir leider geschlossen.|68.7
Ja!|120.5
Danke!|62.0
Tschüss!|120.5
Magst du noch eine Limonade Nico?|68.7
Ja ich nehme noch eine Limonade.|68.7
So! Es ist zwölf Uhr.|116.5
Das Mittagsangebot beginnt jetzt.|41.45
Ja!|120.5
Was gibt's denn heute?|99.95
Heute gibt es Rouladen mit Rotkraut und Kartoffeln|66.7
oder Fisch mit Gemüse|88.25
oder die türkische Linsensuppe.|41.45
Vielleicht nehme ich die … den Fisch|96.95
Nein die Suppe …|99.95
Oder warte!|90.25
Die Rouladen ich nehme die Rouladen.|68.7
Sicher?|62.0
Bitte schön.|90.25
Danke schön. Entschuldigung wie viel Uhr ist es?|84.25
Es ist zwölf Uhr.|117.5
Du wartest auf Lisa oder?|93.1
Kommt sie um Viertel nach zwölf oder um halb eins?|105.65
Um halb zwölf.|118.5
Oh normalerweise ist sie pünktlich.|46.3
„Das Marek“. Hier ist Tarek.|93.1
Hallo Lisa!|61.0
Nico?|62.0
Ja der ist hier.|117.5
Okay. Ich sage es Nico. Bis gleich! Tschüss!|95.95
War das Lisa?|100.95
Ja. Sie kommt um Viertel vor eins also um 12:45 Uhr.|98.8
Ich meine sie kommt in 45 Minuten. Das Bewerbungsgespräch dauert länger.|69.2
Okay ich verstehe.|77.55
Ich bin übrigens Tarek.|70.7
Hallo ich bin Nico!|88.25
Oh Nico kannst du mir helfen?|97.95
Ja gerne.|90.25
Max? Ja?|119.5
Kannst du morgen vielleicht etwas früher kommen?|73.55
Morgen ist doch der Zweiundzwanzigste und ich hab um halb eins einen Termin.|79.25
Ja kein Problem.|100.95
Übermorgen auch?|61.0
Übermorgen?|3.5
Äh also am Dreiundzwanzigsten?|41.45
Kleiner Tipp: Morgen ist der Zweiundzwanzigste|57.0
dann ist übermorgen der … Dreiundzwanzigste.|57.0
Sehr witzig …|100.95
Äh nein übermorgen habe ich mittags keine Termine. Nur morgen.|64.7
Okay. Ähm aber denkst du dran:|115.5
Vom ersten bis zum siebten November hab' ich noch mal Frühdienst.|81.25
Vom ersten bis zum siebten November.|74.55
Ja! Das habe ich auch so in meinem Kalender stehen.|82.25
Cool okay!|119.5
„Das Marek“ hier ist Tarek!|93.1
Hallo.|62.0
Ja auch am Wochenende öffnen wir morgens um neun|77.4
und schließen abends um elf Uhr.|103.8
Ja!|120.5
Heute Abend?|90.25
Sie möchten einen Tisch reservieren?|69.7
Ähm|120.5
hm.|120.5
Um Viertel vor sieben …|93.1
Tut mir leid. Wir haben leider erst um Viertel vor acht einen Tisch frei.|102.8
Am Fenster natürlich.|60.0
Alles klar.|90.25
Okay. Wir freuen uns auf Sie! Danke! Auf Wiederhören!|77.4
Danke Nico. Für deine Hilfe!|69.7
Das mache ich gern.|99.95
Max Tarek. Wie geht's?|99.95
Hallo Yanis! Uns geht es gut danke. Wie geht's euch?|98.95
Sehr gut danke.|100.95
Wir hätten gern zweimal das Mittagsmenü mit Fisch.|78.4
Sehr gerne. Setzt euch!|99.95
Getränke wie immer?|60.0
Wie immer Tarek!|77.55
Sind das deine Freunde?|88.25
Ja wir spielen oft zusammen Fußball.|74.55
Apropos Max. Wann spielen wir mal wieder zusammen Fußball? Diese Woche?|69.55
Nein diese Woche kann ich nicht. Aber nächste Woche geht's.|93.1
Am Freitag oder Samstag?|88.25
Samstag kann ich nicht.|99.95
Da treffe ich Anna nachmittags im Schwimmbad.|73.55
Dann treffen wir uns am Freitag. Geht das?|95.95
Ja das geht. Ah ne Moment! Das geht doch nicht.|112.35
Robert kann am Freitag nicht.|93.1
Ah!|120.5
Dann sind wir nur sieben oder? Max Julius Linus Daniel Yanis Lasse und ich.|79.4
Wir brauchen eine achte Person.|69.7
Spielst du mit uns Fußball? Hast du Lust?|111.65
Fußball? Ja wann?|100.95
Wir treffen uns nächste Woche am Freitag. Um wie viel Uhr Max? Um eins?|96.95
Das ist zu früh. Ich kann erst um zwei.|117.0
Also nächste Woche Freitag um zwei Uhr!|79.4
Und wo?|119.5
Wir treffen uns hier im Restaurant.|86.25
Okay! Ich spiele gerne Fußball!|81.4
Super!|62.0
Oh Nico! Entschuldigung ich komme viel zu spät!|78.4
Normalerweise bin ich nicht so unpünktlich.|45.3
Hallo Lisa!|61.0
Hallo!|62.0
Na wie geht's?|118.5
Geht so. Der Verkehr ist eine Katastrophe. Und ich war eine halbe Stunde im Stau.|78.9
Stau?|120.5
Ja Stau. Ähm das heißt es sind zu viele Autos auf den Straßen.|96.8
Es geht alles sehr langsam ...|81.4
Äh Nico braucht ein Zimmer.|93.1
Ach ja eure Wohnung wird renoviert.|74.55
Ja unsere Heizung ist kaputt.|69.7
Und Nawin Nina Sebastian und ich fahren übermorgen in Urlaub.|58.85
Das Hostel?|90.25
Es sind keine Zimmer mehr frei.|97.95
Keine Zimmer?|61.0
Nein alle Zimmer sind reserviert. Keine Chance.|61.85
Oh nein!|119.5
Wie lange bleibst du denn in Deutschland?|91.1
Nicos Tasche und sein Pass sind immer noch weg.|94.95
Das ist wirklich ein Problem.|93.1
Hostel Papperlapapp!|2.5
Ich habe doch Platz.|99.95
Der nette junge Mann kann gern ein paar Tage bei mir wohnen.|91.95
Inge!|62.0
Komm einfach vorbei. Hier ist meine Adresse.|82.9
Danke Frau …|100.95
Inge mein Lieber! Also bis morgen dann!|82.9
Bis morgen! Tschüss!|100.95
Danke Frau Inge mein Lieber!|81.4
Das ist die Adresse und die Telefonnummer.|73.55
Ich kenne die Adresse. Ich komme morgen mit.|88.25
Das ist super!|100.95
Wohin gehst du?|100.95
Ich habe gleich ein Bewerbungsgespräch.|58.0
Was ist dein Beruf? Arbeitest du nicht als Lehrerin?|81.9
Doch. Ich bin Lehrerin für Deutsch und Englisch.|90.1
Aber ich habe keine feste Arbeit an einer Schule.|71.55
Und die Sprachkurse?|77.55
Die Sprachkurse sind nur ein Nebenjob. Jetzt brauch' ich eine richtige Arbeit.|74.55
Viel Erfolg!|90.25
Viel Glück!|119.5
Danke. Tschüss!|90.25
Ciao Lisa!|90.25
Arbeitest du schon?|77.55
Welchen Beruf findest du gut?|81.4
Möchtest du auch Lehrer werden?|81.4
Meine Eltern sagen Ingenieur ist gut.|57.0
Und du?|119.5
Ich war lange in einer Bank. Ich bin Bankkaufmann.|93.6
Das verstehe ich nicht. Du hast doch ein Restaurant.|93.6
Stimmt. Zusammen mit Tarek.|70.7
Tarek ist eigentlich Elektriker von Beruf.|57.0
Warum?|62.0
Naja wir finden die Arbeit im Restaurant interessant. Das macht Spaß.|75.05
Und hier sind Tarek und ich die Chefs.|107.65
Du arbeitest also gerne im Restaurant.|57.0
Ja ich mag meine Arbeit.|93.1
Und Tarek auch. Oder Tarek?|93.1
Klar mag ich meinen Job.|104.8
Und du findest bestimmt auch noch 'ne gute Arbeit!|89.1
Tschüss ihr Lieben! Der Fisch war sehr lecker.|99.95
Das freut uns. Wir sehen uns nächste Woche beim Fußball.|93.1
Ja bis dann! Am Freitag um eins.|112.15
Nein Yanis wir sehen uns am Freitag um zwei.|94.95
Max?|120.5
Ja?|120.5
Was muss ein Bankkaufmann machen?|81.4
Ein Bankkaufmann?|61.0
Äh …|119.5
Geld zählen?|90.25
Ja manchmal muss ein Bankkaufmann auch Geld zählen.|84.25
Und ein Bankkaufmann muss Kunden beraten er muss Finanzen überprüfen|58.85
und Termine mit Kunden organisieren.|34.6
Ah okay.|119.5
Es ist viel Büroarbeit.|59.0
Büroarbeit?|-113.51
Ja Büroarbeit.|2.5
Du musst zum Beispiel …|104.8
E-Mails schreiben und Verträge unterschreiben.|46.3
Und natürlich immer schön freundlich sein!|74.55
Das müssen wir im Restaurant auch.|86.25
Ja aber nicht immer.|99.95
Und ein Elektriker?|77.55
Ein Elektriker muss Geräte installieren oder er repariert etwas.|48.15
Das klingt cool!|118.5
Das ist es auch.|117.5
Aber Max hat recht. Hier sind wir die Chefs. Das ist besser. Das mag ich.|111.85
Ja. Wir müssen viel arbeiten. Aber die Arbeit ist super.|87.25
Cool.|120.5
Was ist das denn?|117.5
Oh nein. Das ist Lisas Mappe. Die braucht sie.|105.3
Ja na los! Bringt Lisa die Mappe!|100.45
Komm!|120.5
Hallo guten Tag. Ich suche Lisa Brunner.|77.05
Entschuldigung wen suchen Sie?|59.0
Lisa Brunner.|61.0
Hallo Max Stöpel mein Name. Wir suchen eine Lisa Brunner.|75.55
Sie hat hier um 14 Uhr ein Bewerbungsgespräch.|84.25
Also die Bewerbungsgespräche finden normalerweise im Besprechungsraum statt.|2.35
Wo wo ey ey ey wo finden wir den Besprechungsraum?|88.1
In der dritten Etage.|88.25
Aber nein warten Sie!|99.95
Ich glaube heute finden die Bewerbungsgespräche|39.45
in der vierten Etage neben der Kantine statt.|78.4
Aha.|120.5
Sie nehmen den Aufzug fahren in die vierte Etage.|77.4
Da gehen Sie links dann rechts und wieder links.|100.8
Der Besprechungsraum ist rechts.|70.7
Zimmer 431.|90.25
431. Vielen Dank!|100.95
431 431 wo ist die 431?|115.5
Da ein Lageplan!|77.55
Wir sind hier neben den Toiletten.|86.25
Da. Zwischen den …|99.95
… Konferenzräumen.|2.5
Da lang!|119.5
Nein da lang!|118.5
Lisa!|62.0
Du hast deine Bewerbungsunterlagen vergessen.|11.2
Oh mein Gott! Ihr seid meine Retter! Danke danke danke danke!|88.55
Du bist so still.|117.5
Was ist denn?|118.5
Ich will nicht mehr studieren. Nie wieder.|91.1
Ich hasse es.|100.95
Aber?|120.5
Aber meine Eltern wollen das.|81.4
Mein Vater sagt immer ich muss studieren.|79.4
Bist du deshalb in Deutschland?|81.4
Ich will weg von zu Hause.|103.8
Weit weg!|119.5
Und was willst du hier machen?|103.8
Und? Und?|119.5
Ich hab' den Job!|117.5
Ja?|120.5
Vielen Dank für die Sachen. Ich gebe sie dir bald zurück ja?|97.95
Gerne Nico.|61.0
Die zwei T-Shirts und die Hose kannst du behalten.|89.1
Die Tasche und die Jacke brauche ich unbedingt zurück.|71.55
Auf jeden Fall. Danke! Ja!|93.1
Oh schon 10 Uhr. Ich muss unbedingt noch etwas für unseren Urlaub einkaufen.|79.9
Lisa was brauchen wir? Sonnencreme Saft …|77.05
Wo kaufst du ein?|117.5
Ähm… Ich kaufe im Supermarkt um die Ecke ein.|94.95
Ja dann bring doch bitte noch Wasser mit.|95.95
Okay!|120.5
Emma?|62.0
Ja?|120.5
Ich habe ein Geschenk für dich!|97.95
Echt?|120.5
Hm! Cool!|119.5
Dein Bild!|119.5
Ja für dich!|118.5
Ich habe auch ein Geschenk für dich.|96.95
Hier ein Notizbuch. Für alle neuen Wörter auf Deutsch.|81.9
Und Seifenblasen!|31.75
Danke Emma!|61.0
Wo wohnst du jetzt?|117.5
Ich wohne bei Frau Kohlhaas.|93.1
Sie ist sehr nett und wohnt in der Kälberstraße.|94.95
Kälberstraße? Wo ist das?|70.7
Ähm … hier da!|117.5
Ah da ist der Friedensplatz.|93.1
Da arbeiten Max und Tarek.|81.4
Ich arbeite neben dem Theater.|58.0
Und die Kälberstraße ist in der Nähe vom Restaurant und der Sprachschule.|68.55
Und hier ist die Polizeistation. Hier arbeitet Opa.|64.85
Opa!|120.5
Oh Emma Vorsicht!|77.55
Hallo Papa!|61.0
Hallo Lisa!|61.0
War die Woche schön bei Tante Lisa?|91.1
Ja! Das machen wir jetzt öfter.|97.95
Ja klar!|119.5
Herr González. Wie geht es Ihnen?|103.8
Es geht mir gut danke!|104.8
Hallo haben Sie Nicos Tasche gefunden?|57.0
Leider nicht. Aber ich hab' den Fahrradladen gefunden.|66.7
Was?|120.5
Ja. Es gibt zumindest eine Yara González die einen Fahrradladen hat.|75.4
Ja das ist sie!|117.5
Der Fahrradladen ist in der Adalbert-Stifter-Straße 43.|50.15
Das ist im Zentrum in der Nähe vom Arbeitsamt.|89.1
Und?|120.5
Ich war da.|118.5
Das ist der Laden auf dem Foto.|96.95
Ja!|120.5
Und wie kommen wir da hin?|103.8
Zuerst fahrt ihr mit dem Bus bis zum Grafenplatz.|94.95
Mit dem Bus zum Grafenplatz.|93.1
Okay den kenne ich. Und weiter?|97.95
Dann geht ihr über den Grafenplatz und kommt in die Krugstraße.|87.1
In die Krugstraße?|77.55
Ja genau.|90.25
Geht die Krugstraße entlang überquert die große Kreuzung|66.7
dann geht ihr am Theater vorbei und an der nächsten Ampel rechts.|86.1
Weißt du wo?|118.5
Ja ja. Das ist nicht weit.|115.5
Am Theater vorbei und dann die zweite Ampel rechts …|82.25
Hm noch mal …|117.5
Nein Papa schon okay. Ich schau im Handy nach.|105.3
Also gehen Sie bis zum Grafenplatz.|74.55
Biegen Sie dann links in die Krugstraße.|91.1
Überqueren Sie die Schlossstraße|59.0
und biegen Sie an der nächsten Kreuzung rechts in die Adalbert-Stifter-Straße.|69.55
Okay!|120.5
Alles klar! Los geht's!|99.95
So hier. Hier ist Yaras Fahrradladen.|74.55
Also dann …|100.95
Äh und wie kommt ihr jetzt nach Hause? Fahrt ihr nicht mit dem Bus?|108.65
Wir fahren mit der U-Bahn bis zur Uni. Den Rest gehen wir dann zu Fuß.|108.15
Oder fahren wir mit der Straßenbahn?|86.25
Straßenbahn!|3.5
Okay also die nächste Haltestelle ist direkt hinter der Kreuzung.|64.7
Das weiß ich ja. Die nächste Straße links und ...|99.45
Emma du musst dich jetzt verabschieden.|74.55
Muss ich?|119.5
Tschüss Emma. Es war hoffentlich schön bei mir. Kommst du bald wieder?|97.95
Ja! Bei dir ist es immer cool.|108.65
Okay. Tschüss.|119.5
Sehen wir uns wieder?|88.25
Ich weiß es nicht.|117.5
Viel Glück!|119.5
Danke!|62.0
Ciao! Tschüss!|119.5
Hast du schon im Schrank geschaut?|103.8
Ja.|120.5
Vielleicht unter der Tastatur oder oder hinter dem Drucker?|65.7
Nichts!|120.5
Hier im Regal sehe ich auch nichts.|96.95
Dann ist es wohl nicht da.|115.5
Doch es muss da sein ganz sicher.|108.65
Einen Moment bitte!|77.55
Ich habe es gefunden!|70.7
Das ist der Fahrradladen!|70.7
Ja stimmt. Aber vorübergehend geschlossen …|68.7
Geschlossen?|3.5
Ja zu. Geschlossen. Yara ist nicht da.|91.1
Aber das kann nicht sein. Wo ist Yara?|111.65
Endlich!|62.0
Und die Quittung bitte.|88.25
Schönen Tag noch.|100.95
So!|120.5
Ich glaube der Kühlschrank ist zu klein für all das.|99.8
Ah das sind die Birnen meiner Schwester.|91.1
Na ja … das waren die Birnen von meiner Schwester.|88.1
Entschuldige Klara.|2.5
So! Jetzt das hier ist das Obst.|114.5
Die Äpfel … die Orangen und die Birnen kommen auf den Teller.|86.1
Das Fleisch kommt hier oben hin.|115.5
Was ist das? Ach der Käse.|106.8
So!|120.5
Jetzt die Sachen für das Frühstück:|97.95
Die Marmelade die Butter der Quark und der Schinken.|77.4
Ich bin bereit.|100.95
Ich bekomme heute nämlich Besuch Günther.|57.0
Für ein paar Tage.|99.95
Von einem jungen Mann.|88.25
Ich hoffe das ist okay.|104.8
Hallo ihr Lieben. Kommt rein!|93.1
Hallo!|62.0
Danke schön!|90.25
Wo sind deine Sachen? Ist das alles?|94.6
Ja.|120.5
Ach herrje!|90.25
Danke noch mal dass Nico ein paar Tage bei Ihnen wohnen kann.|86.1
Jaja. Das ist doch kein Problem.|97.95
Möchten Sie etwas trinken?|70.7
Ich muss leider sofort wieder gehen. Ich fahre heute noch in den Urlaub.|85.75
Ähm ich komme bald wieder.|93.1
Okay. Danke Lisa für alles.|81.4
Tschüss!|120.5
Wiedersehen.|-55.01
So und du! Was möchtest du denn trinken?|99.95
Möchtest du Apfelsaft oder lieber eine Apfelsaftschorle?|38.45
Schorle? Was ist das?|99.95
Das ist Saft mit Mineralwasser.|69.7
Dann nehme ich eine Schorle bitte.|74.55
Gut.|120.5
Möchtest du auch etwas essen?|81.4
Jetzt?|120.5
Ja was magst du denn?|116.5
Was gibt es denn?|117.5
Es gibt Fleisch Fisch und Gemüse. Magst du Karotten?|93.6
Karotten …|61.0
Ich esse gerne Karotten. Und du?|74.55
Ich esse auch gern Karotten aber Tomaten …|78.4
Du isst lieber Tomaten.|70.7
Ja ich esse lieber Tomaten.|69.7
Und Kohlrabi? Isst du Kohlrabi am liebsten?|73.55
Nein ich finde Kohlrabi nicht so lecker.|79.4
Danke für deine Hilfe!|70.7
Hm …|119.5
Äh Nico.|90.25
Möchtest du lieber abwaschen?|59.0
Abwaschen?|3.5
Spülen das Geschirr spülen.|70.7
Ja ich möchte lieber abwaschen.|69.7
Charmant der junge Mann.|88.25
Hä?|120.5
Ach nichts.|119.5
Fang du dort an ich mache hier weiter.|95.95
Nico?|62.0
Alles in Ordnung?|77.55
Entschuldigung!|-55.01
Kein Problem.|90.25
Ich hole den Staubsauger.|70.7
Ich sauge nicht so oft. Ich hasse Hausarbeit:|82.4
Abwaschen abtrocknen kochen staubsaugen waschen putzen!|27.75
Und dann alles wieder von vorn? Furchtbar!|91.1
Ich mag Hausarbeit auch nicht.|81.4
Ach … ich hab' keine Beutel mehr.|96.95
Wo ist der Besen?|99.95
So. Hier: der Besen und das Kehrblech.|96.95
Oh nein das Fleisch!|117.5
So! Zwei Schnitzel à la Tarek.|97.95
Dankeschön Max. Sehr nett.|70.7
Lasst es euch schmecken.|99.95
Guten Appetit Nico.|42.45
Guten Appetit Inge.|42.45
Ich hab' gehört du spielst Fußball?|97.95
Ja stimmt.|119.5
Bald spielst du mit uns zusammen Fußball. Nächste Woche!|77.4
Was machst du denn noch in deiner Freizeit? Joggst du gerne?|98.45
Nein ich jogge nicht gern.|104.8
Aber ich schwimme manchmal. Ich höre viel Musik und fahre viel Fahrrad.|86.25
Aber am liebsten mache ich …|97.95
das da ...|90.25
Angeln? Du angelst gern?|88.25
Angeln ja. Ich gehe gern angeln.|86.25
Na das ist ja was! Ihr beiden angelt doch auch!|104.8
Wenn wir Zeit haben.|99.95
Wir gehen auch gern ins Theater und ins Kino aber am liebsten angeln wir.|84.1
Komm mal her ich zeige dir mal ein paar Fotos.|99.8
Ich suche die Fotos von letztem Jahr.|91.1
Das war …|118.5
verrückt.|62.0
Erst hab' ich gar nichts gefangen wollte schon aufgeben|77.4
und dann|119.5
zieht es und heraus kam ein riesiger Hecht.|90.1
Irgendwo müssen die Fotos sein …|74.55
Das ist Yara!|100.95
Du kennst Yara?|100.95
Das ist meine Tante!|88.25
Yara ist deine Tante?|70.7
Ja meine Tante.|77.55
Wir wissen nicht wo Yara ist.|97.95
Sie ist nicht hier. Und wir wissen auch nicht wann sie wiederkommt.|97.95
Du und Tarek ihr habt den Schlüssel?|96.95
Ja.|120.5
Yara Tarek und ich sind Freunde.|86.25
Sie hat auch die Schlüssel fürs Restaurant. Wir helfen uns.|93.1
Das ist ja toll!|117.5
Inge!|62.0
Ich möchte noch ein paar Brötchen kaufen. Kommst du mit Nico?|92.6
Könnt ihr mir einen Gefallen tun?|97.95
Ähm …|119.5
wir brauchen noch ein paar Lebensmittel|74.55
aber ich will Tarek im Restaurant nicht allein lassen.|77.4
Wir können doch für euch einkaufen gehen oder Nico?|77.4
Vielen Dank!|90.25
Dafür bekommt ihr das nächste Essen umsonst!|73.55
Oh und könnt ihr mir noch … ähm …|112.5
ein Hähnchen drei Gurken und ein Pfund Tomaten mitbringen?|71.55
Ein Pfund Tomaten?|77.55
Das ist aber nicht viel. Schreibst du es auf Nico?|110.65
Das ist für mein Abendbrot.|104.8
Kannst du das bitte noch einmal wiederholen?|73.55
Ein Hähnchen.|90.25
Hähn-chen!|62.0
Drei Gurken.|90.25
Gur-ken!|62.0
Und ein Pfund Tomaten.|88.25
Ein Pf…?|119.5
Pfund!|120.5
Ja. … Tomaten.|77.55
Ein Pfund?|119.5
Pfund. Das sind 500 Gramm also ein halbes Kilo.|89.1
Ja.|120.5
Vielen Dank!|90.25
Und bis später!|100.95
Tschüss!|120.5
Ah dann reden wir über deine Tante okay?|90.1
Ja.|120.5
Ich hätte gerne ein Brot.|93.1
Was kostet das Roggenbrot?|70.7
320 Euro.|90.25
Hm … und ein halbes?|93.1
Die Hälfte. Ein halbes Roggenbrot kostet 160 Euro.|60.85
Hm … Ja …|117.5
Welches Brot möchtest du denn Nico?|86.25
Das …|119.5
Hm.|120.5
Ja.|120.5
Ich denke ich nehme ein halbes Weißbrot und ein halbes Vollkornbrot.|63.7
Sind Sie sich da auch sicher?|103.8
Ja.|120.5
Danke!|62.0
Darf es sonst noch was sein?|115.5
Och ja|119.5
ich hätte gerne noch zwei Stück Apfelkuchen. Oder Nico?|71.55
Ja.|120.5
Alles klar.|90.25
Zwei Stück Apfelkuchen …|70.7
Kann ich sonst noch etwas für Sie tun?|107.65
Nein danke.|90.25
Das macht dann … äh … 860 Euro.|107.65
So. Danke schön.|100.95
Und 140 zurück.|100.95
Und Ihr Apfelkuchen.|60.0
Danke schön.|90.25
Das dauert hier immer so lange ...|74.55
Ja.|120.5
Ich hätte gerne diese Datteln.|69.7
Gern!|120.5
Das sind 300 Gramm.|117.5
Darf es sonst noch etwas sein?|103.8
Bananen vielleicht? Die sind im Angebot.|68.7
Ein Kilo Bananen kostet 110 Euro.|68.7
Oder Äpfel? Ein Kilo für 175 Euro.|91.1
Sehr gut sehr günstig.|99.95
Ich hätte gern ein Pfund Tomaten und drei Gurken.|89.1
Wie viel kosten die Gurken?|93.1
Die Gurken kosten heute nur 90 Cent das Stück.|94.95
Oder Sie nehmen fünf Stück für 4 Euro.|95.95
Ich nehme fünf Gurken!|88.25
Sehr gute Wahl! Die sind ganz frisch.|112.15
Was kosten die Tomaten?|70.7
Ein Pfund Tomaten kostet 2 Euro. Oder drei Pfund für 5 Euro.|92.1
Nein nein. Ein Pfund!|117.5
So! Nico ich glaub' wir haben dann alles oder?|94.95
Ich muss noch bezahlen!|88.25
Wie viel kostet alles zusammen?|69.7
300 Gramm Datteln fünf Gurken und ein Pfund Tomaten das macht ...|81.25
1240 Euro.|90.25
20 Euro. Vielen Dank.|88.25
Und 760 Euro zurück.|88.25
Danke schön.|90.25
Hier die beiden Orangen schenke ich Ihnen.|79.4
Danke!|62.0
Danke! Gern.|90.25
Tschüss.|120.5
Tschüss.|120.5
Ja! Das sieht gut aus.|116.5
Diesmal schaffen wir das.|88.25
So schwer ist Kochen doch nicht.|103.8
Zwiebeln schneiden … Das mache ich.|86.25
Du schneidest den Feta-Käse in kleine Stücke.|61.85
Alles?|62.0
Ja wir brauchen 250 Gramm.|104.8
Danach schneidest du die Tomaten und den Schinken klein.|77.4
Und zum Schluss legst du alles auf den Pizzateig.|94.95
Schau mal. Hier im Kochbuch steht:|103.8
Schneiden Sie zuerst den Käse klein|86.25
schneiden Sie dann die Tomaten und den Schinken in Würfel|82.25
legen Sie alles auf die Pizza|86.25
und schieben Sie die Pizza für 20 Minuten bei 180 Grad in den Ofen.|89.95
Okay.|120.5
Meine Schwester kann sehr gut kochen und backen.|84.25
Ich leider nicht.|100.95
Ich auch nicht.|118.5
Aber Pizza backen ist leicht!|93.1
Ja.|120.5
Guten Appetit.|31.75
Auf jeden Fall. Ich freue mich auch dass ich wieder da bin.|103.8
Äh ich schlafe heute Nacht im Hotel morgen habe ich noch einen Termin|79.25
dann komme ich nach Hause.|93.1
Mit dem Zug genau.|99.95
Ja es waren nur zwei Wochen hä? Kaum zu glauben …|98.45
Ja der Urlaub war großartig.|81.4
Ja natürlich war ich schwimmen.|81.4
Das Meer war fantastisch.|88.25
Ja ich vermisse den Strand jetzt schon.|96.95
Oh ich habe viele Fotos gemacht. Von den Bergen vom Strand …|92.1
Was? … Ja natürlich habe ich auch Fotos vom Hotel gemacht.|81.25
Wieso willst du das wissen?|93.1
Hotels sind alle gleich.|88.25
Ach keine Sorge! Ich habe mich großartig entspannt.|70.7
Aber wir können die Tasche nicht mitnehmen. Das ist nicht unsere Tasche!|80.4
Doch. Wir haben sie gefunden.|81.4
Aber sie gehört uns nicht.|104.8
Wir nehmen nur das was wir brauchen.|96.95
Nur was wir brauchen!|99.95
Im Oktober ist es schon kalt und im November wird es immer kälter|79.25
und ich will nicht frieren!|104.8
Im letzten Jahr war es wirklich schlimm mit der Kälte.|93.95
Besonders im Dezember und Januar.|46.3
Im Dezember und Januar ist es immer am kältesten!|65.7
Das ist schöner als mein Hemd.|103.8
Dein Hemd ist ja auch schon alt.|114.5
Deswegen!|3.5
Ich brauche ein neues! Für den Frühling!|94.6
Nimm es mit! Nimm es mit!|118.5
Aber nur was wir brauchen.|104.8
Nawins Party war super!|70.7
Ja. Jetzt freue ich mich aber auf den Urlaub.|106.65
Wir haben ein ganzes Haus für uns alleine.|84.25
Ich will auch wegfahren.|88.25
Wann war dein letzter Urlaub?|93.1
Im Mai. Aber es war kein Urlaub. Das war nur ein Ausflug.|103.8
Wir haben die Hochzeit von meinem Onkel gefeiert.|66.7
Cool.|120.5
Ja! Und wir haben toll gegessen und gesungen und getanzt.|76.4
Es gab auch einen See.|116.5
Wir sind geschwommen und wir haben gegrillt|79.4
und haben Spaziergänge gemacht.|41.45
Das klingt schön.|118.5
Wo habt ihr gefeiert?|88.25
In der Nähe von Hamburg. Wir haben bei meiner Cousine übernachtet.|75.05
Das war sehr schön. Wir hatten super Wetter und viel Spaß.|98.45
Aber der letzte richtige Urlaub ist sehr lange her …|82.25
Wir sehen uns wenn ich wiederkomme okay?|79.4
Okay!|120.5
Lisa!|62.0
Ja kein Problem. Ich habe noch genug Deutschübungen die ich machen kann.|80.4
Ich freue mich aber schon wenn du wiederkommst.|95.95
Wie ist denn der Urlaub? Habt ihr tolles Wetter?|99.45
Toll! Das klingt super!|99.95
Das Wetter bei mir?|99.95
Ich glaube es sind so um die 7 Grad und es ist bewölkt.|96.8
Abends soll es vielleicht noch regnen.|97.95
Und morgen wird es noch kälter.|97.95
Der Himmel ist einfach immer grau.|86.25
Ihr habt Sonne und 20 Grad?|103.8
Boah das ist so gemein.|104.8
Du Lisa?|90.25
Nico von der Party der bei euch gewohnt hat …|93.95
Der hat doch seine Tasche verloren?|74.55
Was hat Nico im Radio gesagt wie die Tasche aussieht?|82.25
Schwarz und ein Aufnäher mit einem Fahrrad?|73.55
Wieso?|62.0
Naja … Ich glaube ich habe sie gefunden.|78.4
Guten Morgen Inge.|60.0
Guten Morgen Nico!|60.0
Wie siehst du denn aus?|116.5
Wie bitte?|90.25
Ich meine … Hast du den Pullover gekauft?|90.1
Ist der neu?|118.5
Nein das ist kein neuer Pullover.|97.95
Der Pullover ist von Sebastian. Meine Sachen sind …|76.05
... in deiner Tasche jaja.|59.0
Aber der Pullover ist viel zu groß.|108.65
Und die Farbe? Ist das jetzt in?|100.45
Das weiß ich nicht.|117.5
Ich finde den Pullover nicht so schön.|96.95
Du brauchst neue Sachen zum Anziehen.|86.25
Du brauchst ein schickes Hemd und einen warmen Pullover und eine schöne Hose.|79.25
Ach Nico kannst du gleich Brötchen kaufen?|91.1
Ja gerne!|90.25
Das ist lieb von dir! Kauf bitte dunkle Brötchen.|99.45
Die schmecken am besten.|88.25
Uhum.|120.5
Nico!|62.0
Selma!|62.0
Ist das …?|118.5
Deine Tasche?|61.0
Du hast sie gefunden?|88.25
Wo war das denn? Welche Straße war das?|99.95
Die Tasche stand einfach so auf der Straße vor einem großen Haus.|86.1
Das ist ein cooles T-Shirt!|93.1
Und du hast tolle Mützen!|93.1
Danke!|62.0
Du trägst gerne Mützen hm?|93.1
Ja sehr gern.|118.5
Und welche Farbe magst du am liebsten? Blau? Grün?|89.1
Grün das ist meine Lieblingsfarbe.|58.0
Ja stimmt. Du hast ziemlich viele grüne Sachen:|84.25
Das T-Shirt ist grün. Dieses Hemd ist grün. Und dieses hier auch.|99.95
Mein warmer Pullover ist nicht in der Tasche.|90.1
Pullover?|62.0
Ja. Er ist weg.|117.5
Welchen Pullover meinst du?|88.25
Diesen Pullover hier?|77.55
Nein das ist nicht mein warmer Pullover.|96.95
Ist denn sonst alles da?|104.8
Pass und Handy …|99.95
Mein Hemd ich hatte ein buntes Hemd.|96.95
Das ist auch weg. Das war mein Lieblingshemd.|99.95
Ich habe eine Idee: Wir gehen in die Stadt und du kaufst dir ein neues Hemd|87.95
und einen warmen Pullover. Hast du Lust?|100.45
Ich weiß wo man günstig einkaufen kann. Ich habe auch nicht viel Geld.|97.45
Ja sehr gerne!|100.95
Cool!|120.5
So …|119.5
Das Hemd ist toll.|117.5
Ja das gefällt mir.|99.95
Die Jacke auch?|100.95
Super.|62.0
Nein die ist besser.|99.95
Wie süß!|119.5
Wie findest du die Farbe?|81.4
Für mich!|119.5
Wie findest du das Hemd?|104.8
Wie viel kostet das?|99.95
Ehm … 25 Euro.|99.95
Ist das okay?|118.5
Ja das ist okay.|117.5
Super!|62.0
Das steht dir gut!|117.5
Ja das passt auch.|117.5
Wie findest du den Pullover?|93.1
Schön.|120.5
Probier mal das andere Hemd an.|86.25
Welche Größe ist das?|88.25
Ich weiß nicht.|118.5
L.|120.5
Probier mal M an. Das ist zu groß.|111.65
Ja die Jacke steht dir sehr gut.|108.65
Das finde ich schön.|99.95
So! Bitte schön.|100.95
Vielen Dank.|90.25
Eigentlich wollte ich gar nichts kaufen.|74.55
Aber die Jacke …|99.95
die Jacke steht dir sehr gut.|103.8
Das hat Spaß gemacht.|99.95
Gib mal deine Hand!|99.95
Nein …|119.5
Falls du mal wieder einkaufen willst.|86.25
Wo ist meine Tasche?|88.25
Da vorne!|90.25
Hallo junger Mann.|77.55
Wo kommst du denn jetzt her?|115.5
Ich war draußen. Ich habe meine Tasche gefunden.|70.7
Hat die Polizei deine Tasche gefunden?|57.0
Nein Selma.|90.25
Oho wer ist denn Selma?|104.8
Niemand …|90.25
Komm mal mit. Ich habe eine tolle Überraschung für dich.|87.25
Eine Überraschung? Was?|60.0
Das sind Sachen von Günther.|93.1
Günther war mein Mann. Er lebt nicht mehr.|111.65
Er hat immer sehr elegante Kleidung getragen.|61.85
Alles ist so gut wie neu.|103.8
Schau mal dieses schicke Hemd!|93.1
Und die braune Hose steht dir sicher sehr gut.|94.95
Sieht bequem aus.|100.95
Na los probier die Sachen an!|97.95
Ich finde du bist ein hübscher junger Mann!|90.1
Das steht dir ganz toll.|116.5
Sehr elegant.|90.25
Ein gestreiftes Hemd und eine warme Hose und ganz schicke Schuhe!|75.4
Na ja ich weiß nicht.|116.5
Wer ist das denn?|117.5
Hallo?|62.0
Hallo ich bin die Selma. Ist Nico da?|94.1
Du musst die Schuhe nicht ausziehen. Komm rein! Der Flur ist so kalt.|103.3
Danke.|62.0
Was kann ich für dich tun?|115.5
Ist Nico da?|100.95
Ja sicher … Nico?|88.25
Er wird sicher gleich kommen.|93.1
Vielen Dank aber ich suche nur mein Portemonnaie.|78.4
Ich glaube Nico hat es noch. Ich habe es in die schwarze Tasche gesteckt.|85.25
Wir werden es sicher finden.|81.4
Aber erzähl mal: Woher kommst du?|97.95
Du kommst nicht aus Deutschland oder?|97.95
Nein ich komme aus Syrien und lebe seit fast einem Jahr in Deutschland.|79.25
Bist du alleine in Deutschland?|69.7
Nein ich bin mit meinen Eltern hier.|96.95
Und hast du Geschwister?|88.25
Ja ich habe zwei ältere Brüder. Die leben in Hamburg.|81.4
Und deine Großeltern?|42.45
Meine Großeltern leben noch in Syrien.|45.3
Das braune Portemonnaie gehört dir oder?|68.7
Ja. Danke!|90.25
Wie lange haben Sie Frau González nicht mehr gesehen?|89.1
Ungefähr zwei Wochen.|60.0
Und …|119.5
hat sie denn nicht gesagt wohin sie geht?|95.95
Wissen Sie nicht ob sie verreisen wollte?|79.4
Nein sie hat uns nichts gesagt.|103.8
Warum haben Sie die Polizei nicht früher informiert?|60.85
Na ja. Jeder kann mal zwei Wochen weg sein oder?|99.8
Haben Sie ihre Handynummer? Haben Sie sie angerufen?|53.15
Ja aber ich erreiche sie nicht.|97.95
Das sind meine Eltern.|88.25
Was machen denn Ihre Eltern?|81.4
Mein Vater ist Anwalt und meine Mutter Ingenieurin.|55.0
Glauben Sie dass Ihre Tante in Spanien ist und Ihre Eltern besucht?|68.55
Können Sie Ihre Eltern anrufen und fragen?|61.85
Sie ist sicher nicht dort.|104.8
Der Kontakt ist nicht sehr gut.|103.8
Wo in Spanien wohnen Ihre Eltern?|68.7
Meine Eltern wohnen in Sevilla.|58.0
Hm … Na dann schauen Sie mal hier.|107.65
Was macht Yara in der Schweiz?|103.8
Sie hat nur gesagt sie muss für ein paar Tage weg|98.8
und wir sollen ihre Blumen gießen.|74.55
Und dann? Das war's?|117.5
Dann hat sie aufgelegt.|88.25
Wie gesagt mehr wissen wir auch nicht.|96.95
Sarah!|62.0
Oh nein … Ich komme sofort!|97.95
Wo bist du?|118.5
Bei deinen Eltern?|77.55
Ich hab' deine neue Adresse …|97.95
Aber deine Eltern wo leben deine Eltern?|73.55
Wo ist dein Bruder?|99.95
In Paris? Er hat einen neuen Job?|96.95
Kann nicht kommen.|100.95
Okay.|120.5
Ich buche jetzt einen Flug und komme heute noch nach Zürich.|87.1
Mit etwas Glück bin ich heute noch da.|95.95
Ich ruf wieder an.|99.95
Sie ist also nicht nach Spanien geflogen.|73.55
Wohnt jemand aus deiner Familie in Zürich?|73.55
Nein ...|62.0
meine Familie wohnt in Sevilla.|58.0
Nur mein Bruder …|99.95
Wo wohnt dein Bruder?|99.95
In Deutschland.|61.0
In … ähm …|117.5
München …|90.25
Ah witzig! Mein Bruder wohnt auch in München.|90.1
Sie haben einen Bruder in Deutschland?|74.55
Sollen wir ihn anrufen?|70.7
Nein.|120.5
Aber er kann dir sicher helfen!|97.95
Ich brauche keine Hilfe von meinem Bruder!|73.55
Okay.|120.5
Also hier ist nichts.|99.95
Sollen wir weitersuchen?|42.45
Nein ich glaube wir finden nichts.|97.95
Sind Sie sicher dass Sie keine Verwandten in Zürich haben?|76.4
Ganz sicher.|90.25
Dann müssen wir warten.|88.25
Sie kommt wieder!|100.95
Was brauchen wir noch?|99.95
Wir müssen die Ballpumpe noch mitnehmen!|68.7
Hab' ich schon.|118.5
Und die Fußbälle.|77.55
Sie liegen hinter dir.|88.25
Oh!|120.5
Ich hab' zwei neue gekauft und Würste zum Grillen|94.95
Getränke und Hütchen zum Trainieren.|58.0
Toll! Waren die Fußbälle teuer?|69.7
Nein die waren superbillig.|59.0
Ein Ball hat 499 Euro gekostet weniger als die Getränke.|70.55
Tja Verpflegung ist immer am teuersten.|68.7
Hey Nico. Bist du bereit?|93.1
Na ja ich hab' keine Fußballschuhe mit aber es geht schon.|87.1
Welche Schuhgröße hast du?|70.7
Äh?|120.5
Warte! Warte!|61.0
Hey nicht schlecht. Du bist ja viel zu gut für uns.|116.0
Probier die mal. Eins zwei …|106.8
Pflaster und Verbände. Irgendeiner verletzt sich immer.|53.65
Tarek hat sich beim letzten Mal am Knie verletzt.|94.95
Ich konnte zwei Tage nicht laufen.|86.25
Die Schuhe passen. Vielen Dank!|81.4
Perfekt!|62.0
Ich finde es super dass du mitkommst!|91.1
Es geht los!|118.5
Spielt ihr gut?|118.5
Na ja wir können leider nicht so oft trainieren.|89.1
Wie oft trainiert ihr?|99.95
So zweimal im Monat?|88.25
Montag bis Freitag müssen alle arbeiten und haben Termine.|54.0
Max und ich haben einen vollen Terminkalender und die anderen auch.|69.55
Wir können meistens nur samstags oder sonntags trainieren.|66.7
Oder mal abends unter der Woche.|97.95
Aber wir sind nicht so schlecht wie du denkst.|112.5
Wie lange spielt ihr schon zusammen?|86.25
Seit fünf Jahren. Ungefähr.|70.7
Hey. Helft mal mit!|117.5
Erst trainieren wir dann wird gespielt.|86.25
Okay… Wir müssen besser und schneller spielen.|79.4
Besonders die Technik ist bei uns allen schlechter geworden.|65.7
Außerdem …|61.0
… höher springen und mehr Tore schießen!|79.4
Du lachst. Wir machen gleich weiter mit Sprints.|95.95
Ja Max wir wissen Bescheid. Du bist der Schnellste.|99.45
Okay Max ist vielleicht am schnellsten aber ich kann am weitesten schießen.|86.1
Ah!|120.5
Und Tarek …|100.95
… spielt am schlechtesten. Ja ja ich muss mich trotzdem erst mal ausruhen.|91.6
Ausruhen? Gute Sportler machen dreimal pro Woche Training.|55.0
Ich mache Krafttraining!|60.0
Das wichtigste ist die Ernährung. Iss viel Obst trink keinen Alkohol und rauch nicht!|85.25
Und trink viel Wasser!|99.95
Gut ihr Fitnessprofis. Dann zeigt mal was ihr drauf habt!|98.95
Yanis! Iss nicht so viele Süßigkeiten! Iss lieber mehr Obst!|81.4
Es ist kein Obst da!|116.5
Wer sollte Obst kaufen?|88.25
Yanis!|62.0
Oh stimmt.|119.5
Ich wollte Äpfel Bananen und Birnen kaufen aber ich habe es vergessen.|62.7
Aber Fleisch und Gemüse vom Grill sind doch auch gesund.|93.95
Und dazu so ein leckerer Kartoffelsalat ...|39.45
Hm ja. Kartoffelsalat macht auch gar nicht dick.|84.25
Wir sind doch im Urlaub.|104.8
Wir sind nicht im Urlaub. Wir spielen Fußball!|94.1
Ab morgen essen wir gesund!|81.4
Ah!|120.5
Alles okay Nico? Geht es dir gut?|100.45
Ich habe Schmerzen.|77.55
Wir sehen uns das mal an.|103.8
Wo tut es denn genau weh? Ist es das Knie oder das Bein?|109.15
Der Fuß.|119.5
Autsch.|120.5
Haben wir etwas zum Kühlen?|81.4
Ja. Ich hole was.|99.95
Ich hab' mich vor ein paar Wochen auch verletzt.|100.8
Ich hatte sehr starke Schmerzen am Arm und bin zum Arzt gegangen.|86.1
Ich glaube ich hab' noch Schmerztabletten. Ich schau' gleich mal nach.|92.6
Danke.|62.0
Wir bringen dich zum Arzt.|104.8
Vorsicht Nico. Du darfst nicht so stark auftreten.|84.25
Schon gut. Ich kann alleine laufen …|91.1
Der Arzt schaut sich den Fuß jetzt erst mal an.|111.5
Hoffentlich müssen wir nicht lange warten.|68.7
Das glaube ich nicht. Wir haben ja einen Termin.|99.45
Hallo! Hallo!|61.0
Hallo guten Tag! Haben Sie einen Termin?|82.9
Ja ich hab' angerufen.|70.7
Unser Freund Nico González hat Schmerzen am Fuß.|90.1
Der Fuß sieht nicht gut aus.|115.5
Haben Sie starke Schmerzen?|70.7
Es tut weh.|118.5
Der Arzt schaut sich das gleich an.|114.5
Er muss den Fuß sicher auch röntgen. Vielleicht ist er gebrochen.|86.75
Gebrochen?|3.5
Was heißt gebrochen?|77.55
Äh … Egal.|118.5
Keine Sorge. Das steht ja auch noch gar nicht fest.|99.8
Sie waren noch nie hier in der Praxis oder?|100.8
Dann hätte ich gerne Ihre Versichertenkarte.|39.45
Sie haben doch eine Krankenversicherung?|34.6
Ähm … Nico?|100.95
Hier.|120.5
Ja.|120.5
Danke!|62.0
Bitte gehen Sie schon mal in den Behandlungsraum.|78.4
Der Arzt ist gleich bei Ihnen.|103.8
Okay. Danke!|90.25
Bitte. Einmal hier lang. Die brauch' ich noch. Die bring' ich Ihnen.|99.95
Komm!|120.5
Wo ist Dr. Grube gerade?|81.4
Ah er ist noch beim Patienten.|86.25
Guten Tag.|90.25
Guten Tag. Was kann ich für Sie tun?|107.65
Ich suche einen Patienten – Nico González. Ist der hier?|87.25
Ähm … Ja im Behandlungszimmer 2.|74.55
Okay wo ist Zimmer 2?|104.8
Ach so … Einmal da den Flur lang und dann auf der rechten Seite.|95.8
Okay danke!|90.25
Gern geschehen.|61.0
Ah hier …|118.5
Hallo?|62.0
Oh mein Gott! Nico das sieht ja schlimm aus!|111.15
Was ist passiert?|100.95
Oh …|119.5
Das tut mir leid sehr leid.|115.5
Entschuldigung!|-55.01
Gute Besserung!|31.75
Das war das falsche Zimmer.|104.8
Ja?|120.5
Hey Lisa!|90.25
Hi Lisa! Hi Lisa!|88.25
Nico! Geht es dir gut?|104.8
Naja ...|3.5
Vorsicht.|62.0
Ja … Gut.|118.5
Ach herrje … Was ist denn mit dir passiert?|100.8
Es ist nichts nur ein kleiner Unfall.|96.95
So sieht es aber nicht aus.|115.5
Hallo Lisa!|61.0
Hallo. Wie geht es Ihnen?|93.1
Mir geht es gut. Aber Nico …|112.15
Der Arzt sagt es ist nicht gebrochen.|96.95
Der Arzt sagt auch du sollst dich ausruhen.|95.95
Dr. Grube hat Nico Schmerztabletten und eine Salbe verschrieben.|54.0
Wir waren mit dem Rezept schon bei der Apotheke.|89.1
Nico du darfst dein Bein nicht bewegen okay?|90.1
Nimm die Tabletten dreimal täglich.|69.7
Und die Salbe sollst du abends vor dem Schlafengehen benutzen. Okay?|81.25
Okay.|120.5
Das machen wir.|100.95
Soll er die Tabletten morgens mittags und abends vor oder nach dem Essen nehmen?|84.1
Nach dem Essen. Danke für Ihre Hilfe.|82.9
Ich muss jetzt gehen. Aber wir sehen uns nachher okay?|98.95
Ja gerne!|90.25
Ich komme mit und besorge uns etwas zu essen.|77.4
Darf ich mitkommen?|77.55
Du musst dich ausruhen! Du musst dich ausruhen!|88.25
Tschüss!|120.5
Tschüss!|120.5
Wir wohnen in Damaskus in einem großen Haus.|78.4
Meine Großmutter und mein Großvater wohnen auch bei uns.|71.55
Wir haben auch einen kleinen Vogel einen Papagei.|78.4
Er heißt Leli.|100.95
Wir wohnen am Stadtrand.|88.25
Es ist fast wie im Dorf. Bei uns kennt jeder jeden.|104.3
Aber am Ende sind viele weggegangen.|68.7
So wie wir.|118.5
Sind deine Großeltern noch in Syrien?|57.0
Leli auch.|90.25
Meine Großmutter schreibt dass er jeden Tag am Fenster sitzt|82.25
und auf uns wartet.|99.95
Aya?!|120.5
Aya?!|120.5
Ich finde du sprichst schon sehr gut Deutsch Selma!|100.8
Wirklich klasse!|61.0
Mama?|62.0
Die Aufenthaltserlaubnis! Wir dürfen in Deutschland bleiben!|38.45
Wir wünschen guten Appetit!|59.0
Augen auf!|90.25
Paella!|62.0
Wir hoffen es schmeckt dir.|104.8
Du hast ja sicher keine Lust mehr auf deutsches Essen oder?|87.1
Ich finde deutsches Essen sehr lecker. Ich mag Wurst und Rouladen und Gulasch.|85.75
Aber am liebsten mag ich Paella!|97.95
Du musst zuerst probieren!|70.7
Hm … Schmeckt wie in Spanien!|97.95
Ha! Das ist ein großes Kompliment!|86.25
Spanisches Essen vermiss' ich manchmal.|58.0
Das versteh' ich …|99.95
Hast du ein bisschen Heimweh?|93.1
Hm? Heimweh?|90.25
Ja Heimweh. Das ist wenn man traurig ist und nach Hause möchte.|91.95
Ach so! Nein ich hab' kein Heimweh.|108.65
Mir gefällt es hier.|99.95
Aber meine Freunde vermiss' ich ein bisschen.|79.4
Und das Wetter in Spanien ist besser.|79.4
Es regnet nicht so oft und es ist wärmer.|100.8
Ich gehe gleich in Yaras Laden und gieße da die Blumen.|81.25
Willst du mitkommen?|77.55
Ja gerne.|90.25
Okay. Aber iss erst auf!|116.5
Was denkst du Selma?|99.95
Ich weiß es nicht.|117.5
Eigentlich muss ich glücklich sein.|69.7
Wir können jetzt in Deutschland bleiben aber …|84.25
Das ist nicht deine Heimat.|93.1
Doch. Es ist eine andere … eine neue Heimat.|77.4
Ich finde Deutschland schön.|70.7
Aber Deutschland ist anders als die alte Heimat als Syrien oder?|75.4
Ja. Das Essen ist anders das Wetter die Sprache.|89.1
Und die Menschen auch.|99.95
Alles ist anders.|77.55
Habt ihr in Syrien denn auch Frühling Sommer Herbst und Winter|81.25
wie in Deutschland?|77.55
Ja wir haben auch Jahreszeiten.|69.7
Aber im Winter ist es nicht so kalt.|107.65
Und das Essen?|100.95
Wir essen viel Fleisch.|99.95
Bei uns gibt es nicht viele Vegetarier.|73.55
Aber vor allem gibt es in Syrien nicht so viele Regeln wie in Deutschland.|78.25
Und es gibt viel mehr Leben auf der Straße besonders am Abend.|91.95
Die Läden sind länger geöffnet die Menschen sind draußen.|71.55
Alles ist ein bisschen spontaner und lockerer.|61.85
Ja eigentlich ist fast alles anders.|74.55
Aber ich finde die Menschen hier in Deutschland|84.25
sind genauso nett wie die Menschen in Syrien.|78.4
Das wünsche ich mir auch.|104.8
Was so ein Fahrrad? Das ist meins.|112.15
Nein. Ich wünsche mir so einen Laden. Ich hätte gern einen eigenen Laden.|85.75
Ja ich habe auch immer von meinem eigenen Laden geträumt|70.55
von meinem eigenen Restaurant.|41.45
Und jetzt habe ich eins.|104.8
Du musst nur immer fleißig und hart arbeiten dann funktioniert das auch.|80.25
Warum ist dein Fahrrad hier?|93.1
Es ist kaputt. Yara wollte es reparieren.|65.35
Kaputt?|62.0
Ja die Bremse hinten funktioniert nicht.|74.55
Kennst du dich mit Fahrrädern aus?|97.95
Einen Moment!|90.25
So! Fertig.|90.25
Nico! Krass!|90.25
Wie fährst du denn?|117.5
Und dann auch noch hupen! Lern doch mal richtig Auto fahren!|92.6
Nico?|62.0
Yara.|62.0
Was machst du hier?|117.5
